<?xml version="1.0" encoding="utf-8" ?>
<hibernate-configuration>
    <session-factory>
        <property name="connection.url">jdbc:postgresql://localhost:5432/users4</property>
        <property name="connection.driver_class">org.postgresql.Driver</property>
        <property name="connection.username">postgres</property>
        <property name="connection.password">AKey9Mute8</property>
        <property name="dialect">org.hibernate.dialect.PostgreSQL94Dialect</property>
        <property name="connection.characterEncoding">UTF-8</property>
        <property name="show_sql">true</property>

        <mapping resource="ru/job4j/data/models/Ad.hbm.xml"/>
        <mapping resource="ru/job4j/data/models/Car.hbm.xml"/>
        <mapping resource="ru/job4j/data/models/User.hbm.xml"/>
        <mapping resource="ru/job4j/data/models/Foto.hbm.xml"/>
    </session-factory>
</hibernate-configuration>