<?xml version="1.0" encoding="utf-8"?>
<hibernate-configuration>
    <session-factory>
        <property name="connection.url">jdbc:postgresql://localhost:5432/cars</property>
        <property name="connection.driver_class">org.postgresql.Driver</property>
        <property name="connection.username">postgres</property>
        <property name="connection.password">AKey9Mute8</property>
        <property name="dialect">org.hibernate.dialect.PostgreSQL94Dialect</property>
        <property name="connection.characterEncoding">UTF-8</property>
        <property name="show_sql">true</property>

        <mapping class = "ru.job4j.models.Car"/>
        <mapping class = "ru.job4j.models.CarOptions"/>
        <mapping class = "ru.job4j.models.Engine"/>
        <mapping class = "ru.job4j.models.Transmission"/>
        <mapping class = "ru.job4j.models.Gearbox"/>
    </session-factory>
</hibernate-configuration>