<hibernate-mapping xmlns="http://www.hibernate.org/xsd/hibernate-mapping">
    <class name="ru.job4j.models.Car" table="cars" lazy="false">
        <id name="id" column="id">
            <generator class="identity"/>
        </id>
        <property name="brand" column="brand"/>
        <property name="model" column="model"/>
        <property name="transmission" column="transmission"/>
        <property name="engineCapacity" column="engine"/>
        <property name="year" column="year"/>
    </class>
</hibernate-mapping>