<hibernate-mapping xmlns="http://www.hibernate.org/xsd/hibernate-mapping">

    <class name="ru.job4j.models.Declaration" table="declarations" lazy="false">
        <id name="id" column="id">
            <generator class="identity"/>
        </id>
        <property name="desc" column="description"/>
        <property name="sold" column="sold"/>
        <property name="createDate" column="create_date"/>
        <many-to-one name="user" column="user_id" unique="true"
                     class="ru.job4j.models.User" fetch="join"/>
        <many-to-one name="car" column="car_id" unique="true"
                     class="ru.job4j.models.Car"/>
        <many-to-one name="foto" column="foto_id" unique="true"
                     class="ru.job4j.models.Foto"/>
    </class>

</hibernate-mapping>