<?xml version="1.0" encoding="utf-8" ?>
<hibernate-configuration>
    <session-factory>
        <property name="connection.url">jdbc:postgresql://localhost:5432/servlet</property>
        <property name="connection.driver_class">org.postgresql.Driver</property>
        <property name="connection.username">postgres</property>
        <property name="connection.password">AKey9Mute8</property>
        <property name="dialect">org.hibernate.dialect.PostgreSQL94Dialect</property>
        <property name="show_sql">true</property>

        <mapping resource="ru/job4j/data/Item.hbm.xml"/>
    </session-factory>
</hibernate-configuration>