<hibernate-mapping xmlns="http://www.hibernate.org/xsd/hibernate-mapping">
    <class name="ru.job4j.data.models.User" table="users" lazy="false">
        <id name="id" column="id">
            <generator class="identity"/>
        </id>
        <property name="login" column="login"/>
        <property name="password" column="password"/>
        <property name="name" column="name"/>
        <property name="surname" column="surname"/>
        <property name="telNumber" column="tel_number"/>

        <bag name="adList" inverse="true" lazy="false" cascade="all">
            <key column="user_id"/>
            <one-to-many class="ru.job4j.data.models.Ad"/>
        </bag>
    </class>

</hibernate-mapping>