<?xml version="1.0" encoding="UTF-8"?><entries>
    <entry field="1"/>
    <entry field="2"/>
    <entry field="3"/>
    <entry field="4"/>
    <entry field="5"/>
    <entry field="6"/>
    <entry field="7"/>
    <entry field="8"/>
    <entry field="9"/>
    <entry field="10"/>
    <entry field="11"/>
    <entry field="12"/>
    <entry field="13"/>
    <entry field="14"/>
    <entry field="15"/>
    <entry field="16"/>
    <entry field="17"/>
    <entry field="18"/>
    <entry field="19"/>
    <entry field="20"/>
    <entry field="21"/>
    <entry field="22"/>
    <entry field="23"/>
    <entry field="24"/>
    <entry field="25"/>
    <entry field="26"/>
    <entry field="27"/>
    <entry field="28"/>
    <entry field="29"/>
    <entry field="30"/>
    <entry field="31"/>
    <entry field="32"/>
    <entry field="33"/>
    <entry field="34"/>
    <entry field="35"/>
    <entry field="36"/>
    <entry field="37"/>
    <entry field="38"/>
    <entry field="39"/>
    <entry field="40"/>
    <entry field="41"/>
    <entry field="42"/>
    <entry field="43"/>
    <entry field="44"/>
    <entry field="45"/>
    <entry field="46"/>
    <entry field="47"/>
    <entry field="48"/>
    <entry field="49"/>
    <entry field="50"/>
    <entry field="51"/>
    <entry field="52"/>
    <entry field="53"/>
    <entry field="54"/>
    <entry field="55"/>
    <entry field="56"/>
    <entry field="57"/>
    <entry field="58"/>
    <entry field="59"/>
    <entry field="60"/>
    <entry field="61"/>
    <entry field="62"/>
    <entry field="63"/>
    <entry field="64"/>
    <entry field="65"/>
    <entry field="66"/>
    <entry field="67"/>
    <entry field="68"/>
    <entry field="69"/>
    <entry field="70"/>
    <entry field="71"/>
    <entry field="72"/>
    <entry field="73"/>
    <entry field="74"/>
    <entry field="75"/>
    <entry field="76"/>
    <entry field="77"/>
    <entry field="78"/>
    <entry field="79"/>
    <entry field="80"/>
    <entry field="81"/>
    <entry field="82"/>
    <entry field="83"/>
    <entry field="84"/>
    <entry field="85"/>
    <entry field="86"/>
    <entry field="87"/>
    <entry field="88"/>
    <entry field="89"/>
    <entry field="90"/>
    <entry field="91"/>
    <entry field="92"/>
    <entry field="93"/>
    <entry field="94"/>
    <entry field="95"/>
    <entry field="96"/>
    <entry field="97"/>
    <entry field="98"/>
    <entry field="99"/>
    <entry field="100"/>
    <entry field="101"/>
    <entry field="102"/>
    <entry field="103"/>
    <entry field="104"/>
    <entry field="105"/>
    <entry field="106"/>
    <entry field="107"/>
    <entry field="108"/>
    <entry field="109"/>
    <entry field="110"/>
    <entry field="111"/>
    <entry field="112"/>
    <entry field="113"/>
    <entry field="114"/>
    <entry field="115"/>
    <entry field="116"/>
    <entry field="117"/>
    <entry field="118"/>
    <entry field="119"/>
    <entry field="120"/>
    <entry field="121"/>
    <entry field="122"/>
    <entry field="123"/>
    <entry field="124"/>
    <entry field="125"/>
    <entry field="126"/>
    <entry field="127"/>
    <entry field="128"/>
    <entry field="129"/>
    <entry field="130"/>
    <entry field="131"/>
    <entry field="132"/>
    <entry field="133"/>
    <entry field="134"/>
    <entry field="135"/>
    <entry field="136"/>
    <entry field="137"/>
    <entry field="138"/>
    <entry field="139"/>
    <entry field="140"/>
    <entry field="141"/>
    <entry field="142"/>
    <entry field="143"/>
    <entry field="144"/>
    <entry field="145"/>
    <entry field="146"/>
    <entry field="147"/>
    <entry field="148"/>
    <entry field="149"/>
    <entry field="150"/>
    <entry field="151"/>
    <entry field="152"/>
    <entry field="153"/>
    <entry field="154"/>
    <entry field="155"/>
    <entry field="156"/>
    <entry field="157"/>
    <entry field="158"/>
    <entry field="159"/>
    <entry field="160"/>
    <entry field="161"/>
    <entry field="162"/>
    <entry field="163"/>
    <entry field="164"/>
    <entry field="165"/>
    <entry field="166"/>
    <entry field="167"/>
    <entry field="168"/>
    <entry field="169"/>
    <entry field="170"/>
    <entry field="171"/>
    <entry field="172"/>
    <entry field="173"/>
    <entry field="174"/>
    <entry field="175"/>
    <entry field="176"/>
    <entry field="177"/>
    <entry field="178"/>
    <entry field="179"/>
    <entry field="180"/>
    <entry field="181"/>
    <entry field="182"/>
    <entry field="183"/>
    <entry field="184"/>
    <entry field="185"/>
    <entry field="186"/>
    <entry field="187"/>
    <entry field="188"/>
    <entry field="189"/>
    <entry field="190"/>
    <entry field="191"/>
    <entry field="192"/>
    <entry field="193"/>
    <entry field="194"/>
    <entry field="195"/>
    <entry field="196"/>
    <entry field="197"/>
    <entry field="198"/>
    <entry field="199"/>
    <entry field="200"/>
    <entry field="201"/>
    <entry field="202"/>
    <entry field="203"/>
    <entry field="204"/>
    <entry field="205"/>
    <entry field="206"/>
    <entry field="207"/>
    <entry field="208"/>
    <entry field="209"/>
    <entry field="210"/>
    <entry field="211"/>
    <entry field="212"/>
    <entry field="213"/>
    <entry field="214"/>
    <entry field="215"/>
    <entry field="216"/>
    <entry field="217"/>
    <entry field="218"/>
    <entry field="219"/>
    <entry field="220"/>
    <entry field="221"/>
    <entry field="222"/>
    <entry field="223"/>
    <entry field="224"/>
    <entry field="225"/>
    <entry field="226"/>
    <entry field="227"/>
    <entry field="228"/>
    <entry field="229"/>
    <entry field="230"/>
    <entry field="231"/>
    <entry field="232"/>
    <entry field="233"/>
    <entry field="234"/>
    <entry field="235"/>
    <entry field="236"/>
    <entry field="237"/>
    <entry field="238"/>
    <entry field="239"/>
    <entry field="240"/>
    <entry field="241"/>
    <entry field="242"/>
    <entry field="243"/>
    <entry field="244"/>
    <entry field="245"/>
    <entry field="246"/>
    <entry field="247"/>
    <entry field="248"/>
    <entry field="249"/>
    <entry field="250"/>
    <entry field="251"/>
    <entry field="252"/>
    <entry field="253"/>
    <entry field="254"/>
    <entry field="255"/>
    <entry field="256"/>
    <entry field="257"/>
    <entry field="258"/>
    <entry field="259"/>
    <entry field="260"/>
    <entry field="261"/>
    <entry field="262"/>
    <entry field="263"/>
    <entry field="264"/>
    <entry field="265"/>
    <entry field="266"/>
    <entry field="267"/>
    <entry field="268"/>
    <entry field="269"/>
    <entry field="270"/>
    <entry field="271"/>
    <entry field="272"/>
    <entry field="273"/>
    <entry field="274"/>
    <entry field="275"/>
    <entry field="276"/>
    <entry field="277"/>
    <entry field="278"/>
    <entry field="279"/>
    <entry field="280"/>
    <entry field="281"/>
    <entry field="282"/>
    <entry field="283"/>
    <entry field="284"/>
    <entry field="285"/>
    <entry field="286"/>
    <entry field="287"/>
    <entry field="288"/>
    <entry field="289"/>
    <entry field="290"/>
    <entry field="291"/>
    <entry field="292"/>
    <entry field="293"/>
    <entry field="294"/>
    <entry field="295"/>
    <entry field="296"/>
    <entry field="297"/>
    <entry field="298"/>
    <entry field="299"/>
    <entry field="300"/>
    <entry field="301"/>
    <entry field="302"/>
    <entry field="303"/>
    <entry field="304"/>
    <entry field="305"/>
    <entry field="306"/>
    <entry field="307"/>
    <entry field="308"/>
    <entry field="309"/>
    <entry field="310"/>
    <entry field="311"/>
    <entry field="312"/>
    <entry field="313"/>
    <entry field="314"/>
    <entry field="315"/>
    <entry field="316"/>
    <entry field="317"/>
    <entry field="318"/>
    <entry field="319"/>
    <entry field="320"/>
    <entry field="321"/>
    <entry field="322"/>
    <entry field="323"/>
    <entry field="324"/>
    <entry field="325"/>
    <entry field="326"/>
    <entry field="327"/>
    <entry field="328"/>
    <entry field="329"/>
    <entry field="330"/>
    <entry field="331"/>
    <entry field="332"/>
    <entry field="333"/>
    <entry field="334"/>
    <entry field="335"/>
    <entry field="336"/>
    <entry field="337"/>
    <entry field="338"/>
    <entry field="339"/>
    <entry field="340"/>
    <entry field="341"/>
    <entry field="342"/>
    <entry field="343"/>
    <entry field="344"/>
    <entry field="345"/>
    <entry field="346"/>
    <entry field="347"/>
    <entry field="348"/>
    <entry field="349"/>
    <entry field="350"/>
    <entry field="351"/>
    <entry field="352"/>
    <entry field="353"/>
    <entry field="354"/>
    <entry field="355"/>
    <entry field="356"/>
    <entry field="357"/>
    <entry field="358"/>
    <entry field="359"/>
    <entry field="360"/>
    <entry field="361"/>
    <entry field="362"/>
    <entry field="363"/>
    <entry field="364"/>
    <entry field="365"/>
    <entry field="366"/>
    <entry field="367"/>
    <entry field="368"/>
    <entry field="369"/>
    <entry field="370"/>
    <entry field="371"/>
    <entry field="372"/>
    <entry field="373"/>
    <entry field="374"/>
    <entry field="375"/>
    <entry field="376"/>
    <entry field="377"/>
    <entry field="378"/>
    <entry field="379"/>
    <entry field="380"/>
    <entry field="381"/>
    <entry field="382"/>
    <entry field="383"/>
    <entry field="384"/>
    <entry field="385"/>
    <entry field="386"/>
    <entry field="387"/>
    <entry field="388"/>
    <entry field="389"/>
    <entry field="390"/>
    <entry field="391"/>
    <entry field="392"/>
    <entry field="393"/>
    <entry field="394"/>
    <entry field="395"/>
    <entry field="396"/>
    <entry field="397"/>
    <entry field="398"/>
    <entry field="399"/>
    <entry field="400"/>
    <entry field="401"/>
    <entry field="402"/>
    <entry field="403"/>
    <entry field="404"/>
    <entry field="405"/>
    <entry field="406"/>
    <entry field="407"/>
    <entry field="408"/>
    <entry field="409"/>
    <entry field="410"/>
    <entry field="411"/>
    <entry field="412"/>
    <entry field="413"/>
    <entry field="414"/>
    <entry field="415"/>
    <entry field="416"/>
    <entry field="417"/>
    <entry field="418"/>
    <entry field="419"/>
    <entry field="420"/>
    <entry field="421"/>
    <entry field="422"/>
    <entry field="423"/>
    <entry field="424"/>
    <entry field="425"/>
    <entry field="426"/>
    <entry field="427"/>
    <entry field="428"/>
    <entry field="429"/>
    <entry field="430"/>
    <entry field="431"/>
    <entry field="432"/>
    <entry field="433"/>
    <entry field="434"/>
    <entry field="435"/>
    <entry field="436"/>
    <entry field="437"/>
    <entry field="438"/>
    <entry field="439"/>
    <entry field="440"/>
    <entry field="441"/>
    <entry field="442"/>
    <entry field="443"/>
    <entry field="444"/>
    <entry field="445"/>
    <entry field="446"/>
    <entry field="447"/>
    <entry field="448"/>
    <entry field="449"/>
    <entry field="450"/>
    <entry field="451"/>
    <entry field="452"/>
    <entry field="453"/>
    <entry field="454"/>
    <entry field="455"/>
    <entry field="456"/>
    <entry field="457"/>
    <entry field="458"/>
    <entry field="459"/>
    <entry field="460"/>
    <entry field="461"/>
    <entry field="462"/>
    <entry field="463"/>
    <entry field="464"/>
    <entry field="465"/>
    <entry field="466"/>
    <entry field="467"/>
    <entry field="468"/>
    <entry field="469"/>
    <entry field="470"/>
    <entry field="471"/>
    <entry field="472"/>
    <entry field="473"/>
    <entry field="474"/>
    <entry field="475"/>
    <entry field="476"/>
    <entry field="477"/>
    <entry field="478"/>
    <entry field="479"/>
    <entry field="480"/>
    <entry field="481"/>
    <entry field="482"/>
    <entry field="483"/>
    <entry field="484"/>
    <entry field="485"/>
    <entry field="486"/>
    <entry field="487"/>
    <entry field="488"/>
    <entry field="489"/>
    <entry field="490"/>
    <entry field="491"/>
    <entry field="492"/>
    <entry field="493"/>
    <entry field="494"/>
    <entry field="495"/>
    <entry field="496"/>
    <entry field="497"/>
    <entry field="498"/>
    <entry field="499"/>
    <entry field="500"/>
    <entry field="501"/>
    <entry field="502"/>
    <entry field="503"/>
    <entry field="504"/>
    <entry field="505"/>
    <entry field="506"/>
    <entry field="507"/>
    <entry field="508"/>
    <entry field="509"/>
    <entry field="510"/>
    <entry field="511"/>
    <entry field="512"/>
    <entry field="513"/>
    <entry field="514"/>
    <entry field="515"/>
    <entry field="516"/>
    <entry field="517"/>
    <entry field="518"/>
    <entry field="519"/>
    <entry field="520"/>
    <entry field="521"/>
    <entry field="522"/>
    <entry field="523"/>
    <entry field="524"/>
    <entry field="525"/>
    <entry field="526"/>
    <entry field="527"/>
    <entry field="528"/>
    <entry field="529"/>
    <entry field="530"/>
    <entry field="531"/>
    <entry field="532"/>
    <entry field="533"/>
    <entry field="534"/>
    <entry field="535"/>
    <entry field="536"/>
    <entry field="537"/>
    <entry field="538"/>
    <entry field="539"/>
    <entry field="540"/>
    <entry field="541"/>
    <entry field="542"/>
    <entry field="543"/>
    <entry field="544"/>
    <entry field="545"/>
    <entry field="546"/>
    <entry field="547"/>
    <entry field="548"/>
    <entry field="549"/>
    <entry field="550"/>
    <entry field="551"/>
    <entry field="552"/>
    <entry field="553"/>
    <entry field="554"/>
    <entry field="555"/>
    <entry field="556"/>
    <entry field="557"/>
    <entry field="558"/>
    <entry field="559"/>
    <entry field="560"/>
    <entry field="561"/>
    <entry field="562"/>
    <entry field="563"/>
    <entry field="564"/>
    <entry field="565"/>
    <entry field="566"/>
    <entry field="567"/>
    <entry field="568"/>
    <entry field="569"/>
    <entry field="570"/>
    <entry field="571"/>
    <entry field="572"/>
    <entry field="573"/>
    <entry field="574"/>
    <entry field="575"/>
    <entry field="576"/>
    <entry field="577"/>
    <entry field="578"/>
    <entry field="579"/>
    <entry field="580"/>
    <entry field="581"/>
    <entry field="582"/>
    <entry field="583"/>
    <entry field="584"/>
    <entry field="585"/>
    <entry field="586"/>
    <entry field="587"/>
    <entry field="588"/>
    <entry field="589"/>
    <entry field="590"/>
    <entry field="591"/>
    <entry field="592"/>
    <entry field="593"/>
    <entry field="594"/>
    <entry field="595"/>
    <entry field="596"/>
    <entry field="597"/>
    <entry field="598"/>
    <entry field="599"/>
    <entry field="600"/>
    <entry field="601"/>
    <entry field="602"/>
    <entry field="603"/>
    <entry field="604"/>
    <entry field="605"/>
    <entry field="606"/>
    <entry field="607"/>
    <entry field="608"/>
    <entry field="609"/>
    <entry field="610"/>
    <entry field="611"/>
    <entry field="612"/>
    <entry field="613"/>
    <entry field="614"/>
    <entry field="615"/>
    <entry field="616"/>
    <entry field="617"/>
    <entry field="618"/>
    <entry field="619"/>
    <entry field="620"/>
    <entry field="621"/>
    <entry field="622"/>
    <entry field="623"/>
    <entry field="624"/>
    <entry field="625"/>
    <entry field="626"/>
    <entry field="627"/>
    <entry field="628"/>
    <entry field="629"/>
    <entry field="630"/>
    <entry field="631"/>
    <entry field="632"/>
    <entry field="633"/>
    <entry field="634"/>
    <entry field="635"/>
    <entry field="636"/>
    <entry field="637"/>
    <entry field="638"/>
    <entry field="639"/>
    <entry field="640"/>
    <entry field="641"/>
    <entry field="642"/>
    <entry field="643"/>
    <entry field="644"/>
    <entry field="645"/>
    <entry field="646"/>
    <entry field="647"/>
    <entry field="648"/>
    <entry field="649"/>
    <entry field="650"/>
    <entry field="651"/>
    <entry field="652"/>
    <entry field="653"/>
    <entry field="654"/>
    <entry field="655"/>
    <entry field="656"/>
    <entry field="657"/>
    <entry field="658"/>
    <entry field="659"/>
    <entry field="660"/>
    <entry field="661"/>
    <entry field="662"/>
    <entry field="663"/>
    <entry field="664"/>
    <entry field="665"/>
    <entry field="666"/>
    <entry field="667"/>
    <entry field="668"/>
    <entry field="669"/>
    <entry field="670"/>
    <entry field="671"/>
    <entry field="672"/>
    <entry field="673"/>
    <entry field="674"/>
    <entry field="675"/>
    <entry field="676"/>
    <entry field="677"/>
    <entry field="678"/>
    <entry field="679"/>
    <entry field="680"/>
    <entry field="681"/>
    <entry field="682"/>
    <entry field="683"/>
    <entry field="684"/>
    <entry field="685"/>
    <entry field="686"/>
    <entry field="687"/>
    <entry field="688"/>
    <entry field="689"/>
    <entry field="690"/>
    <entry field="691"/>
    <entry field="692"/>
    <entry field="693"/>
    <entry field="694"/>
    <entry field="695"/>
    <entry field="696"/>
    <entry field="697"/>
    <entry field="698"/>
    <entry field="699"/>
    <entry field="700"/>
    <entry field="701"/>
    <entry field="702"/>
    <entry field="703"/>
    <entry field="704"/>
    <entry field="705"/>
    <entry field="706"/>
    <entry field="707"/>
    <entry field="708"/>
    <entry field="709"/>
    <entry field="710"/>
    <entry field="711"/>
    <entry field="712"/>
    <entry field="713"/>
    <entry field="714"/>
    <entry field="715"/>
    <entry field="716"/>
    <entry field="717"/>
    <entry field="718"/>
    <entry field="719"/>
    <entry field="720"/>
    <entry field="721"/>
    <entry field="722"/>
    <entry field="723"/>
    <entry field="724"/>
    <entry field="725"/>
    <entry field="726"/>
    <entry field="727"/>
    <entry field="728"/>
    <entry field="729"/>
    <entry field="730"/>
    <entry field="731"/>
    <entry field="732"/>
    <entry field="733"/>
    <entry field="734"/>
    <entry field="735"/>
    <entry field="736"/>
    <entry field="737"/>
    <entry field="738"/>
    <entry field="739"/>
    <entry field="740"/>
    <entry field="741"/>
    <entry field="742"/>
    <entry field="743"/>
    <entry field="744"/>
    <entry field="745"/>
    <entry field="746"/>
    <entry field="747"/>
    <entry field="748"/>
    <entry field="749"/>
    <entry field="750"/>
    <entry field="751"/>
    <entry field="752"/>
    <entry field="753"/>
    <entry field="754"/>
    <entry field="755"/>
    <entry field="756"/>
    <entry field="757"/>
    <entry field="758"/>
    <entry field="759"/>
    <entry field="760"/>
    <entry field="761"/>
    <entry field="762"/>
    <entry field="763"/>
    <entry field="764"/>
    <entry field="765"/>
    <entry field="766"/>
    <entry field="767"/>
    <entry field="768"/>
    <entry field="769"/>
    <entry field="770"/>
    <entry field="771"/>
    <entry field="772"/>
    <entry field="773"/>
    <entry field="774"/>
    <entry field="775"/>
    <entry field="776"/>
    <entry field="777"/>
    <entry field="778"/>
    <entry field="779"/>
    <entry field="780"/>
    <entry field="781"/>
    <entry field="782"/>
    <entry field="783"/>
    <entry field="784"/>
    <entry field="785"/>
    <entry field="786"/>
    <entry field="787"/>
    <entry field="788"/>
    <entry field="789"/>
    <entry field="790"/>
    <entry field="791"/>
    <entry field="792"/>
    <entry field="793"/>
    <entry field="794"/>
    <entry field="795"/>
    <entry field="796"/>
    <entry field="797"/>
    <entry field="798"/>
    <entry field="799"/>
    <entry field="800"/>
    <entry field="801"/>
    <entry field="802"/>
    <entry field="803"/>
    <entry field="804"/>
    <entry field="805"/>
    <entry field="806"/>
    <entry field="807"/>
    <entry field="808"/>
    <entry field="809"/>
    <entry field="810"/>
    <entry field="811"/>
    <entry field="812"/>
    <entry field="813"/>
    <entry field="814"/>
    <entry field="815"/>
    <entry field="816"/>
    <entry field="817"/>
    <entry field="818"/>
    <entry field="819"/>
    <entry field="820"/>
    <entry field="821"/>
    <entry field="822"/>
    <entry field="823"/>
    <entry field="824"/>
    <entry field="825"/>
    <entry field="826"/>
    <entry field="827"/>
    <entry field="828"/>
    <entry field="829"/>
    <entry field="830"/>
    <entry field="831"/>
    <entry field="832"/>
    <entry field="833"/>
    <entry field="834"/>
    <entry field="835"/>
    <entry field="836"/>
    <entry field="837"/>
    <entry field="838"/>
    <entry field="839"/>
    <entry field="840"/>
    <entry field="841"/>
    <entry field="842"/>
    <entry field="843"/>
    <entry field="844"/>
    <entry field="845"/>
    <entry field="846"/>
    <entry field="847"/>
    <entry field="848"/>
    <entry field="849"/>
    <entry field="850"/>
    <entry field="851"/>
    <entry field="852"/>
    <entry field="853"/>
    <entry field="854"/>
    <entry field="855"/>
    <entry field="856"/>
    <entry field="857"/>
    <entry field="858"/>
    <entry field="859"/>
    <entry field="860"/>
    <entry field="861"/>
    <entry field="862"/>
    <entry field="863"/>
    <entry field="864"/>
    <entry field="865"/>
    <entry field="866"/>
    <entry field="867"/>
    <entry field="868"/>
    <entry field="869"/>
    <entry field="870"/>
    <entry field="871"/>
    <entry field="872"/>
    <entry field="873"/>
    <entry field="874"/>
    <entry field="875"/>
    <entry field="876"/>
    <entry field="877"/>
    <entry field="878"/>
    <entry field="879"/>
    <entry field="880"/>
    <entry field="881"/>
    <entry field="882"/>
    <entry field="883"/>
    <entry field="884"/>
    <entry field="885"/>
    <entry field="886"/>
    <entry field="887"/>
    <entry field="888"/>
    <entry field="889"/>
    <entry field="890"/>
    <entry field="891"/>
    <entry field="892"/>
    <entry field="893"/>
    <entry field="894"/>
    <entry field="895"/>
    <entry field="896"/>
    <entry field="897"/>
    <entry field="898"/>
    <entry field="899"/>
    <entry field="900"/>
    <entry field="901"/>
    <entry field="902"/>
    <entry field="903"/>
    <entry field="904"/>
    <entry field="905"/>
    <entry field="906"/>
    <entry field="907"/>
    <entry field="908"/>
    <entry field="909"/>
    <entry field="910"/>
    <entry field="911"/>
    <entry field="912"/>
    <entry field="913"/>
    <entry field="914"/>
    <entry field="915"/>
    <entry field="916"/>
    <entry field="917"/>
    <entry field="918"/>
    <entry field="919"/>
    <entry field="920"/>
    <entry field="921"/>
    <entry field="922"/>
    <entry field="923"/>
    <entry field="924"/>
    <entry field="925"/>
    <entry field="926"/>
    <entry field="927"/>
    <entry field="928"/>
    <entry field="929"/>
    <entry field="930"/>
    <entry field="931"/>
    <entry field="932"/>
    <entry field="933"/>
    <entry field="934"/>
    <entry field="935"/>
    <entry field="936"/>
    <entry field="937"/>
    <entry field="938"/>
    <entry field="939"/>
    <entry field="940"/>
    <entry field="941"/>
    <entry field="942"/>
    <entry field="943"/>
    <entry field="944"/>
    <entry field="945"/>
    <entry field="946"/>
    <entry field="947"/>
    <entry field="948"/>
    <entry field="949"/>
    <entry field="950"/>
    <entry field="951"/>
    <entry field="952"/>
    <entry field="953"/>
    <entry field="954"/>
    <entry field="955"/>
    <entry field="956"/>
    <entry field="957"/>
    <entry field="958"/>
    <entry field="959"/>
    <entry field="960"/>
    <entry field="961"/>
    <entry field="962"/>
    <entry field="963"/>
    <entry field="964"/>
    <entry field="965"/>
    <entry field="966"/>
    <entry field="967"/>
    <entry field="968"/>
    <entry field="969"/>
    <entry field="970"/>
    <entry field="971"/>
    <entry field="972"/>
    <entry field="973"/>
    <entry field="974"/>
    <entry field="975"/>
    <entry field="976"/>
    <entry field="977"/>
    <entry field="978"/>
    <entry field="979"/>
    <entry field="980"/>
    <entry field="981"/>
    <entry field="982"/>
    <entry field="983"/>
    <entry field="984"/>
    <entry field="985"/>
    <entry field="986"/>
    <entry field="987"/>
    <entry field="988"/>
    <entry field="989"/>
    <entry field="990"/>
    <entry field="991"/>
    <entry field="992"/>
    <entry field="993"/>
    <entry field="994"/>
    <entry field="995"/>
    <entry field="996"/>
    <entry field="997"/>
    <entry field="998"/>
    <entry field="999"/>
    <entry field="1000"/>
</entries>