<?xml version="1.0" encoding="UTF-8" standalone="yes"?>
<entries>
    <entry>
        <field>1</field>
    </entry>
    <entry>
        <field>2</field>
    </entry>
    <entry>
        <field>3</field>
    </entry>
    <entry>
        <field>4</field>
    </entry>
    <entry>
        <field>5</field>
    </entry>
    <entry>
        <field>6</field>
    </entry>
    <entry>
        <field>7</field>
    </entry>
    <entry>
        <field>8</field>
    </entry>
    <entry>
        <field>9</field>
    </entry>
    <entry>
        <field>10</field>
    </entry>
    <entry>
        <field>11</field>
    </entry>
    <entry>
        <field>12</field>
    </entry>
    <entry>
        <field>13</field>
    </entry>
    <entry>
        <field>14</field>
    </entry>
    <entry>
        <field>15</field>
    </entry>
    <entry>
        <field>16</field>
    </entry>
    <entry>
        <field>17</field>
    </entry>
    <entry>
        <field>18</field>
    </entry>
    <entry>
        <field>19</field>
    </entry>
    <entry>
        <field>20</field>
    </entry>
    <entry>
        <field>21</field>
    </entry>
    <entry>
        <field>22</field>
    </entry>
    <entry>
        <field>23</field>
    </entry>
    <entry>
        <field>24</field>
    </entry>
    <entry>
        <field>25</field>
    </entry>
    <entry>
        <field>26</field>
    </entry>
    <entry>
        <field>27</field>
    </entry>
    <entry>
        <field>28</field>
    </entry>
    <entry>
        <field>29</field>
    </entry>
    <entry>
        <field>30</field>
    </entry>
    <entry>
        <field>31</field>
    </entry>
    <entry>
        <field>32</field>
    </entry>
    <entry>
        <field>33</field>
    </entry>
    <entry>
        <field>34</field>
    </entry>
    <entry>
        <field>35</field>
    </entry>
    <entry>
        <field>36</field>
    </entry>
    <entry>
        <field>37</field>
    </entry>
    <entry>
        <field>38</field>
    </entry>
    <entry>
        <field>39</field>
    </entry>
    <entry>
        <field>40</field>
    </entry>
    <entry>
        <field>41</field>
    </entry>
    <entry>
        <field>42</field>
    </entry>
    <entry>
        <field>43</field>
    </entry>
    <entry>
        <field>44</field>
    </entry>
    <entry>
        <field>45</field>
    </entry>
    <entry>
        <field>46</field>
    </entry>
    <entry>
        <field>47</field>
    </entry>
    <entry>
        <field>48</field>
    </entry>
    <entry>
        <field>49</field>
    </entry>
    <entry>
        <field>50</field>
    </entry>
    <entry>
        <field>51</field>
    </entry>
    <entry>
        <field>52</field>
    </entry>
    <entry>
        <field>53</field>
    </entry>
    <entry>
        <field>54</field>
    </entry>
    <entry>
        <field>55</field>
    </entry>
    <entry>
        <field>56</field>
    </entry>
    <entry>
        <field>57</field>
    </entry>
    <entry>
        <field>58</field>
    </entry>
    <entry>
        <field>59</field>
    </entry>
    <entry>
        <field>60</field>
    </entry>
    <entry>
        <field>61</field>
    </entry>
    <entry>
        <field>62</field>
    </entry>
    <entry>
        <field>63</field>
    </entry>
    <entry>
        <field>64</field>
    </entry>
    <entry>
        <field>65</field>
    </entry>
    <entry>
        <field>66</field>
    </entry>
    <entry>
        <field>67</field>
    </entry>
    <entry>
        <field>68</field>
    </entry>
    <entry>
        <field>69</field>
    </entry>
    <entry>
        <field>70</field>
    </entry>
    <entry>
        <field>71</field>
    </entry>
    <entry>
        <field>72</field>
    </entry>
    <entry>
        <field>73</field>
    </entry>
    <entry>
        <field>74</field>
    </entry>
    <entry>
        <field>75</field>
    </entry>
    <entry>
        <field>76</field>
    </entry>
    <entry>
        <field>77</field>
    </entry>
    <entry>
        <field>78</field>
    </entry>
    <entry>
        <field>79</field>
    </entry>
    <entry>
        <field>80</field>
    </entry>
    <entry>
        <field>81</field>
    </entry>
    <entry>
        <field>82</field>
    </entry>
    <entry>
        <field>83</field>
    </entry>
    <entry>
        <field>84</field>
    </entry>
    <entry>
        <field>85</field>
    </entry>
    <entry>
        <field>86</field>
    </entry>
    <entry>
        <field>87</field>
    </entry>
    <entry>
        <field>88</field>
    </entry>
    <entry>
        <field>89</field>
    </entry>
    <entry>
        <field>90</field>
    </entry>
    <entry>
        <field>91</field>
    </entry>
    <entry>
        <field>92</field>
    </entry>
    <entry>
        <field>93</field>
    </entry>
    <entry>
        <field>94</field>
    </entry>
    <entry>
        <field>95</field>
    </entry>
    <entry>
        <field>96</field>
    </entry>
    <entry>
        <field>97</field>
    </entry>
    <entry>
        <field>98</field>
    </entry>
    <entry>
        <field>99</field>
    </entry>
    <entry>
        <field>100</field>
    </entry>
    <entry>
        <field>101</field>
    </entry>
    <entry>
        <field>102</field>
    </entry>
    <entry>
        <field>103</field>
    </entry>
    <entry>
        <field>104</field>
    </entry>
    <entry>
        <field>105</field>
    </entry>
    <entry>
        <field>106</field>
    </entry>
    <entry>
        <field>107</field>
    </entry>
    <entry>
        <field>108</field>
    </entry>
    <entry>
        <field>109</field>
    </entry>
    <entry>
        <field>110</field>
    </entry>
    <entry>
        <field>111</field>
    </entry>
    <entry>
        <field>112</field>
    </entry>
    <entry>
        <field>113</field>
    </entry>
    <entry>
        <field>114</field>
    </entry>
    <entry>
        <field>115</field>
    </entry>
    <entry>
        <field>116</field>
    </entry>
    <entry>
        <field>117</field>
    </entry>
    <entry>
        <field>118</field>
    </entry>
    <entry>
        <field>119</field>
    </entry>
    <entry>
        <field>120</field>
    </entry>
    <entry>
        <field>121</field>
    </entry>
    <entry>
        <field>122</field>
    </entry>
    <entry>
        <field>123</field>
    </entry>
    <entry>
        <field>124</field>
    </entry>
    <entry>
        <field>125</field>
    </entry>
    <entry>
        <field>126</field>
    </entry>
    <entry>
        <field>127</field>
    </entry>
    <entry>
        <field>128</field>
    </entry>
    <entry>
        <field>129</field>
    </entry>
    <entry>
        <field>130</field>
    </entry>
    <entry>
        <field>131</field>
    </entry>
    <entry>
        <field>132</field>
    </entry>
    <entry>
        <field>133</field>
    </entry>
    <entry>
        <field>134</field>
    </entry>
    <entry>
        <field>135</field>
    </entry>
    <entry>
        <field>136</field>
    </entry>
    <entry>
        <field>137</field>
    </entry>
    <entry>
        <field>138</field>
    </entry>
    <entry>
        <field>139</field>
    </entry>
    <entry>
        <field>140</field>
    </entry>
    <entry>
        <field>141</field>
    </entry>
    <entry>
        <field>142</field>
    </entry>
    <entry>
        <field>143</field>
    </entry>
    <entry>
        <field>144</field>
    </entry>
    <entry>
        <field>145</field>
    </entry>
    <entry>
        <field>146</field>
    </entry>
    <entry>
        <field>147</field>
    </entry>
    <entry>
        <field>148</field>
    </entry>
    <entry>
        <field>149</field>
    </entry>
    <entry>
        <field>150</field>
    </entry>
    <entry>
        <field>151</field>
    </entry>
    <entry>
        <field>152</field>
    </entry>
    <entry>
        <field>153</field>
    </entry>
    <entry>
        <field>154</field>
    </entry>
    <entry>
        <field>155</field>
    </entry>
    <entry>
        <field>156</field>
    </entry>
    <entry>
        <field>157</field>
    </entry>
    <entry>
        <field>158</field>
    </entry>
    <entry>
        <field>159</field>
    </entry>
    <entry>
        <field>160</field>
    </entry>
    <entry>
        <field>161</field>
    </entry>
    <entry>
        <field>162</field>
    </entry>
    <entry>
        <field>163</field>
    </entry>
    <entry>
        <field>164</field>
    </entry>
    <entry>
        <field>165</field>
    </entry>
    <entry>
        <field>166</field>
    </entry>
    <entry>
        <field>167</field>
    </entry>
    <entry>
        <field>168</field>
    </entry>
    <entry>
        <field>169</field>
    </entry>
    <entry>
        <field>170</field>
    </entry>
    <entry>
        <field>171</field>
    </entry>
    <entry>
        <field>172</field>
    </entry>
    <entry>
        <field>173</field>
    </entry>
    <entry>
        <field>174</field>
    </entry>
    <entry>
        <field>175</field>
    </entry>
    <entry>
        <field>176</field>
    </entry>
    <entry>
        <field>177</field>
    </entry>
    <entry>
        <field>178</field>
    </entry>
    <entry>
        <field>179</field>
    </entry>
    <entry>
        <field>180</field>
    </entry>
    <entry>
        <field>181</field>
    </entry>
    <entry>
        <field>182</field>
    </entry>
    <entry>
        <field>183</field>
    </entry>
    <entry>
        <field>184</field>
    </entry>
    <entry>
        <field>185</field>
    </entry>
    <entry>
        <field>186</field>
    </entry>
    <entry>
        <field>187</field>
    </entry>
    <entry>
        <field>188</field>
    </entry>
    <entry>
        <field>189</field>
    </entry>
    <entry>
        <field>190</field>
    </entry>
    <entry>
        <field>191</field>
    </entry>
    <entry>
        <field>192</field>
    </entry>
    <entry>
        <field>193</field>
    </entry>
    <entry>
        <field>194</field>
    </entry>
    <entry>
        <field>195</field>
    </entry>
    <entry>
        <field>196</field>
    </entry>
    <entry>
        <field>197</field>
    </entry>
    <entry>
        <field>198</field>
    </entry>
    <entry>
        <field>199</field>
    </entry>
    <entry>
        <field>200</field>
    </entry>
    <entry>
        <field>201</field>
    </entry>
    <entry>
        <field>202</field>
    </entry>
    <entry>
        <field>203</field>
    </entry>
    <entry>
        <field>204</field>
    </entry>
    <entry>
        <field>205</field>
    </entry>
    <entry>
        <field>206</field>
    </entry>
    <entry>
        <field>207</field>
    </entry>
    <entry>
        <field>208</field>
    </entry>
    <entry>
        <field>209</field>
    </entry>
    <entry>
        <field>210</field>
    </entry>
    <entry>
        <field>211</field>
    </entry>
    <entry>
        <field>212</field>
    </entry>
    <entry>
        <field>213</field>
    </entry>
    <entry>
        <field>214</field>
    </entry>
    <entry>
        <field>215</field>
    </entry>
    <entry>
        <field>216</field>
    </entry>
    <entry>
        <field>217</field>
    </entry>
    <entry>
        <field>218</field>
    </entry>
    <entry>
        <field>219</field>
    </entry>
    <entry>
        <field>220</field>
    </entry>
    <entry>
        <field>221</field>
    </entry>
    <entry>
        <field>222</field>
    </entry>
    <entry>
        <field>223</field>
    </entry>
    <entry>
        <field>224</field>
    </entry>
    <entry>
        <field>225</field>
    </entry>
    <entry>
        <field>226</field>
    </entry>
    <entry>
        <field>227</field>
    </entry>
    <entry>
        <field>228</field>
    </entry>
    <entry>
        <field>229</field>
    </entry>
    <entry>
        <field>230</field>
    </entry>
    <entry>
        <field>231</field>
    </entry>
    <entry>
        <field>232</field>
    </entry>
    <entry>
        <field>233</field>
    </entry>
    <entry>
        <field>234</field>
    </entry>
    <entry>
        <field>235</field>
    </entry>
    <entry>
        <field>236</field>
    </entry>
    <entry>
        <field>237</field>
    </entry>
    <entry>
        <field>238</field>
    </entry>
    <entry>
        <field>239</field>
    </entry>
    <entry>
        <field>240</field>
    </entry>
    <entry>
        <field>241</field>
    </entry>
    <entry>
        <field>242</field>
    </entry>
    <entry>
        <field>243</field>
    </entry>
    <entry>
        <field>244</field>
    </entry>
    <entry>
        <field>245</field>
    </entry>
    <entry>
        <field>246</field>
    </entry>
    <entry>
        <field>247</field>
    </entry>
    <entry>
        <field>248</field>
    </entry>
    <entry>
        <field>249</field>
    </entry>
    <entry>
        <field>250</field>
    </entry>
    <entry>
        <field>251</field>
    </entry>
    <entry>
        <field>252</field>
    </entry>
    <entry>
        <field>253</field>
    </entry>
    <entry>
        <field>254</field>
    </entry>
    <entry>
        <field>255</field>
    </entry>
    <entry>
        <field>256</field>
    </entry>
    <entry>
        <field>257</field>
    </entry>
    <entry>
        <field>258</field>
    </entry>
    <entry>
        <field>259</field>
    </entry>
    <entry>
        <field>260</field>
    </entry>
    <entry>
        <field>261</field>
    </entry>
    <entry>
        <field>262</field>
    </entry>
    <entry>
        <field>263</field>
    </entry>
    <entry>
        <field>264</field>
    </entry>
    <entry>
        <field>265</field>
    </entry>
    <entry>
        <field>266</field>
    </entry>
    <entry>
        <field>267</field>
    </entry>
    <entry>
        <field>268</field>
    </entry>
    <entry>
        <field>269</field>
    </entry>
    <entry>
        <field>270</field>
    </entry>
    <entry>
        <field>271</field>
    </entry>
    <entry>
        <field>272</field>
    </entry>
    <entry>
        <field>273</field>
    </entry>
    <entry>
        <field>274</field>
    </entry>
    <entry>
        <field>275</field>
    </entry>
    <entry>
        <field>276</field>
    </entry>
    <entry>
        <field>277</field>
    </entry>
    <entry>
        <field>278</field>
    </entry>
    <entry>
        <field>279</field>
    </entry>
    <entry>
        <field>280</field>
    </entry>
    <entry>
        <field>281</field>
    </entry>
    <entry>
        <field>282</field>
    </entry>
    <entry>
        <field>283</field>
    </entry>
    <entry>
        <field>284</field>
    </entry>
    <entry>
        <field>285</field>
    </entry>
    <entry>
        <field>286</field>
    </entry>
    <entry>
        <field>287</field>
    </entry>
    <entry>
        <field>288</field>
    </entry>
    <entry>
        <field>289</field>
    </entry>
    <entry>
        <field>290</field>
    </entry>
    <entry>
        <field>291</field>
    </entry>
    <entry>
        <field>292</field>
    </entry>
    <entry>
        <field>293</field>
    </entry>
    <entry>
        <field>294</field>
    </entry>
    <entry>
        <field>295</field>
    </entry>
    <entry>
        <field>296</field>
    </entry>
    <entry>
        <field>297</field>
    </entry>
    <entry>
        <field>298</field>
    </entry>
    <entry>
        <field>299</field>
    </entry>
    <entry>
        <field>300</field>
    </entry>
    <entry>
        <field>301</field>
    </entry>
    <entry>
        <field>302</field>
    </entry>
    <entry>
        <field>303</field>
    </entry>
    <entry>
        <field>304</field>
    </entry>
    <entry>
        <field>305</field>
    </entry>
    <entry>
        <field>306</field>
    </entry>
    <entry>
        <field>307</field>
    </entry>
    <entry>
        <field>308</field>
    </entry>
    <entry>
        <field>309</field>
    </entry>
    <entry>
        <field>310</field>
    </entry>
    <entry>
        <field>311</field>
    </entry>
    <entry>
        <field>312</field>
    </entry>
    <entry>
        <field>313</field>
    </entry>
    <entry>
        <field>314</field>
    </entry>
    <entry>
        <field>315</field>
    </entry>
    <entry>
        <field>316</field>
    </entry>
    <entry>
        <field>317</field>
    </entry>
    <entry>
        <field>318</field>
    </entry>
    <entry>
        <field>319</field>
    </entry>
    <entry>
        <field>320</field>
    </entry>
    <entry>
        <field>321</field>
    </entry>
    <entry>
        <field>322</field>
    </entry>
    <entry>
        <field>323</field>
    </entry>
    <entry>
        <field>324</field>
    </entry>
    <entry>
        <field>325</field>
    </entry>
    <entry>
        <field>326</field>
    </entry>
    <entry>
        <field>327</field>
    </entry>
    <entry>
        <field>328</field>
    </entry>
    <entry>
        <field>329</field>
    </entry>
    <entry>
        <field>330</field>
    </entry>
    <entry>
        <field>331</field>
    </entry>
    <entry>
        <field>332</field>
    </entry>
    <entry>
        <field>333</field>
    </entry>
    <entry>
        <field>334</field>
    </entry>
    <entry>
        <field>335</field>
    </entry>
    <entry>
        <field>336</field>
    </entry>
    <entry>
        <field>337</field>
    </entry>
    <entry>
        <field>338</field>
    </entry>
    <entry>
        <field>339</field>
    </entry>
    <entry>
        <field>340</field>
    </entry>
    <entry>
        <field>341</field>
    </entry>
    <entry>
        <field>342</field>
    </entry>
    <entry>
        <field>343</field>
    </entry>
    <entry>
        <field>344</field>
    </entry>
    <entry>
        <field>345</field>
    </entry>
    <entry>
        <field>346</field>
    </entry>
    <entry>
        <field>347</field>
    </entry>
    <entry>
        <field>348</field>
    </entry>
    <entry>
        <field>349</field>
    </entry>
    <entry>
        <field>350</field>
    </entry>
    <entry>
        <field>351</field>
    </entry>
    <entry>
        <field>352</field>
    </entry>
    <entry>
        <field>353</field>
    </entry>
    <entry>
        <field>354</field>
    </entry>
    <entry>
        <field>355</field>
    </entry>
    <entry>
        <field>356</field>
    </entry>
    <entry>
        <field>357</field>
    </entry>
    <entry>
        <field>358</field>
    </entry>
    <entry>
        <field>359</field>
    </entry>
    <entry>
        <field>360</field>
    </entry>
    <entry>
        <field>361</field>
    </entry>
    <entry>
        <field>362</field>
    </entry>
    <entry>
        <field>363</field>
    </entry>
    <entry>
        <field>364</field>
    </entry>
    <entry>
        <field>365</field>
    </entry>
    <entry>
        <field>366</field>
    </entry>
    <entry>
        <field>367</field>
    </entry>
    <entry>
        <field>368</field>
    </entry>
    <entry>
        <field>369</field>
    </entry>
    <entry>
        <field>370</field>
    </entry>
    <entry>
        <field>371</field>
    </entry>
    <entry>
        <field>372</field>
    </entry>
    <entry>
        <field>373</field>
    </entry>
    <entry>
        <field>374</field>
    </entry>
    <entry>
        <field>375</field>
    </entry>
    <entry>
        <field>376</field>
    </entry>
    <entry>
        <field>377</field>
    </entry>
    <entry>
        <field>378</field>
    </entry>
    <entry>
        <field>379</field>
    </entry>
    <entry>
        <field>380</field>
    </entry>
    <entry>
        <field>381</field>
    </entry>
    <entry>
        <field>382</field>
    </entry>
    <entry>
        <field>383</field>
    </entry>
    <entry>
        <field>384</field>
    </entry>
    <entry>
        <field>385</field>
    </entry>
    <entry>
        <field>386</field>
    </entry>
    <entry>
        <field>387</field>
    </entry>
    <entry>
        <field>388</field>
    </entry>
    <entry>
        <field>389</field>
    </entry>
    <entry>
        <field>390</field>
    </entry>
    <entry>
        <field>391</field>
    </entry>
    <entry>
        <field>392</field>
    </entry>
    <entry>
        <field>393</field>
    </entry>
    <entry>
        <field>394</field>
    </entry>
    <entry>
        <field>395</field>
    </entry>
    <entry>
        <field>396</field>
    </entry>
    <entry>
        <field>397</field>
    </entry>
    <entry>
        <field>398</field>
    </entry>
    <entry>
        <field>399</field>
    </entry>
    <entry>
        <field>400</field>
    </entry>
    <entry>
        <field>401</field>
    </entry>
    <entry>
        <field>402</field>
    </entry>
    <entry>
        <field>403</field>
    </entry>
    <entry>
        <field>404</field>
    </entry>
    <entry>
        <field>405</field>
    </entry>
    <entry>
        <field>406</field>
    </entry>
    <entry>
        <field>407</field>
    </entry>
    <entry>
        <field>408</field>
    </entry>
    <entry>
        <field>409</field>
    </entry>
    <entry>
        <field>410</field>
    </entry>
    <entry>
        <field>411</field>
    </entry>
    <entry>
        <field>412</field>
    </entry>
    <entry>
        <field>413</field>
    </entry>
    <entry>
        <field>414</field>
    </entry>
    <entry>
        <field>415</field>
    </entry>
    <entry>
        <field>416</field>
    </entry>
    <entry>
        <field>417</field>
    </entry>
    <entry>
        <field>418</field>
    </entry>
    <entry>
        <field>419</field>
    </entry>
    <entry>
        <field>420</field>
    </entry>
    <entry>
        <field>421</field>
    </entry>
    <entry>
        <field>422</field>
    </entry>
    <entry>
        <field>423</field>
    </entry>
    <entry>
        <field>424</field>
    </entry>
    <entry>
        <field>425</field>
    </entry>
    <entry>
        <field>426</field>
    </entry>
    <entry>
        <field>427</field>
    </entry>
    <entry>
        <field>428</field>
    </entry>
    <entry>
        <field>429</field>
    </entry>
    <entry>
        <field>430</field>
    </entry>
    <entry>
        <field>431</field>
    </entry>
    <entry>
        <field>432</field>
    </entry>
    <entry>
        <field>433</field>
    </entry>
    <entry>
        <field>434</field>
    </entry>
    <entry>
        <field>435</field>
    </entry>
    <entry>
        <field>436</field>
    </entry>
    <entry>
        <field>437</field>
    </entry>
    <entry>
        <field>438</field>
    </entry>
    <entry>
        <field>439</field>
    </entry>
    <entry>
        <field>440</field>
    </entry>
    <entry>
        <field>441</field>
    </entry>
    <entry>
        <field>442</field>
    </entry>
    <entry>
        <field>443</field>
    </entry>
    <entry>
        <field>444</field>
    </entry>
    <entry>
        <field>445</field>
    </entry>
    <entry>
        <field>446</field>
    </entry>
    <entry>
        <field>447</field>
    </entry>
    <entry>
        <field>448</field>
    </entry>
    <entry>
        <field>449</field>
    </entry>
    <entry>
        <field>450</field>
    </entry>
    <entry>
        <field>451</field>
    </entry>
    <entry>
        <field>452</field>
    </entry>
    <entry>
        <field>453</field>
    </entry>
    <entry>
        <field>454</field>
    </entry>
    <entry>
        <field>455</field>
    </entry>
    <entry>
        <field>456</field>
    </entry>
    <entry>
        <field>457</field>
    </entry>
    <entry>
        <field>458</field>
    </entry>
    <entry>
        <field>459</field>
    </entry>
    <entry>
        <field>460</field>
    </entry>
    <entry>
        <field>461</field>
    </entry>
    <entry>
        <field>462</field>
    </entry>
    <entry>
        <field>463</field>
    </entry>
    <entry>
        <field>464</field>
    </entry>
    <entry>
        <field>465</field>
    </entry>
    <entry>
        <field>466</field>
    </entry>
    <entry>
        <field>467</field>
    </entry>
    <entry>
        <field>468</field>
    </entry>
    <entry>
        <field>469</field>
    </entry>
    <entry>
        <field>470</field>
    </entry>
    <entry>
        <field>471</field>
    </entry>
    <entry>
        <field>472</field>
    </entry>
    <entry>
        <field>473</field>
    </entry>
    <entry>
        <field>474</field>
    </entry>
    <entry>
        <field>475</field>
    </entry>
    <entry>
        <field>476</field>
    </entry>
    <entry>
        <field>477</field>
    </entry>
    <entry>
        <field>478</field>
    </entry>
    <entry>
        <field>479</field>
    </entry>
    <entry>
        <field>480</field>
    </entry>
    <entry>
        <field>481</field>
    </entry>
    <entry>
        <field>482</field>
    </entry>
    <entry>
        <field>483</field>
    </entry>
    <entry>
        <field>484</field>
    </entry>
    <entry>
        <field>485</field>
    </entry>
    <entry>
        <field>486</field>
    </entry>
    <entry>
        <field>487</field>
    </entry>
    <entry>
        <field>488</field>
    </entry>
    <entry>
        <field>489</field>
    </entry>
    <entry>
        <field>490</field>
    </entry>
    <entry>
        <field>491</field>
    </entry>
    <entry>
        <field>492</field>
    </entry>
    <entry>
        <field>493</field>
    </entry>
    <entry>
        <field>494</field>
    </entry>
    <entry>
        <field>495</field>
    </entry>
    <entry>
        <field>496</field>
    </entry>
    <entry>
        <field>497</field>
    </entry>
    <entry>
        <field>498</field>
    </entry>
    <entry>
        <field>499</field>
    </entry>
    <entry>
        <field>500</field>
    </entry>
    <entry>
        <field>501</field>
    </entry>
    <entry>
        <field>502</field>
    </entry>
    <entry>
        <field>503</field>
    </entry>
    <entry>
        <field>504</field>
    </entry>
    <entry>
        <field>505</field>
    </entry>
    <entry>
        <field>506</field>
    </entry>
    <entry>
        <field>507</field>
    </entry>
    <entry>
        <field>508</field>
    </entry>
    <entry>
        <field>509</field>
    </entry>
    <entry>
        <field>510</field>
    </entry>
    <entry>
        <field>511</field>
    </entry>
    <entry>
        <field>512</field>
    </entry>
    <entry>
        <field>513</field>
    </entry>
    <entry>
        <field>514</field>
    </entry>
    <entry>
        <field>515</field>
    </entry>
    <entry>
        <field>516</field>
    </entry>
    <entry>
        <field>517</field>
    </entry>
    <entry>
        <field>518</field>
    </entry>
    <entry>
        <field>519</field>
    </entry>
    <entry>
        <field>520</field>
    </entry>
    <entry>
        <field>521</field>
    </entry>
    <entry>
        <field>522</field>
    </entry>
    <entry>
        <field>523</field>
    </entry>
    <entry>
        <field>524</field>
    </entry>
    <entry>
        <field>525</field>
    </entry>
    <entry>
        <field>526</field>
    </entry>
    <entry>
        <field>527</field>
    </entry>
    <entry>
        <field>528</field>
    </entry>
    <entry>
        <field>529</field>
    </entry>
    <entry>
        <field>530</field>
    </entry>
    <entry>
        <field>531</field>
    </entry>
    <entry>
        <field>532</field>
    </entry>
    <entry>
        <field>533</field>
    </entry>
    <entry>
        <field>534</field>
    </entry>
    <entry>
        <field>535</field>
    </entry>
    <entry>
        <field>536</field>
    </entry>
    <entry>
        <field>537</field>
    </entry>
    <entry>
        <field>538</field>
    </entry>
    <entry>
        <field>539</field>
    </entry>
    <entry>
        <field>540</field>
    </entry>
    <entry>
        <field>541</field>
    </entry>
    <entry>
        <field>542</field>
    </entry>
    <entry>
        <field>543</field>
    </entry>
    <entry>
        <field>544</field>
    </entry>
    <entry>
        <field>545</field>
    </entry>
    <entry>
        <field>546</field>
    </entry>
    <entry>
        <field>547</field>
    </entry>
    <entry>
        <field>548</field>
    </entry>
    <entry>
        <field>549</field>
    </entry>
    <entry>
        <field>550</field>
    </entry>
    <entry>
        <field>551</field>
    </entry>
    <entry>
        <field>552</field>
    </entry>
    <entry>
        <field>553</field>
    </entry>
    <entry>
        <field>554</field>
    </entry>
    <entry>
        <field>555</field>
    </entry>
    <entry>
        <field>556</field>
    </entry>
    <entry>
        <field>557</field>
    </entry>
    <entry>
        <field>558</field>
    </entry>
    <entry>
        <field>559</field>
    </entry>
    <entry>
        <field>560</field>
    </entry>
    <entry>
        <field>561</field>
    </entry>
    <entry>
        <field>562</field>
    </entry>
    <entry>
        <field>563</field>
    </entry>
    <entry>
        <field>564</field>
    </entry>
    <entry>
        <field>565</field>
    </entry>
    <entry>
        <field>566</field>
    </entry>
    <entry>
        <field>567</field>
    </entry>
    <entry>
        <field>568</field>
    </entry>
    <entry>
        <field>569</field>
    </entry>
    <entry>
        <field>570</field>
    </entry>
    <entry>
        <field>571</field>
    </entry>
    <entry>
        <field>572</field>
    </entry>
    <entry>
        <field>573</field>
    </entry>
    <entry>
        <field>574</field>
    </entry>
    <entry>
        <field>575</field>
    </entry>
    <entry>
        <field>576</field>
    </entry>
    <entry>
        <field>577</field>
    </entry>
    <entry>
        <field>578</field>
    </entry>
    <entry>
        <field>579</field>
    </entry>
    <entry>
        <field>580</field>
    </entry>
    <entry>
        <field>581</field>
    </entry>
    <entry>
        <field>582</field>
    </entry>
    <entry>
        <field>583</field>
    </entry>
    <entry>
        <field>584</field>
    </entry>
    <entry>
        <field>585</field>
    </entry>
    <entry>
        <field>586</field>
    </entry>
    <entry>
        <field>587</field>
    </entry>
    <entry>
        <field>588</field>
    </entry>
    <entry>
        <field>589</field>
    </entry>
    <entry>
        <field>590</field>
    </entry>
    <entry>
        <field>591</field>
    </entry>
    <entry>
        <field>592</field>
    </entry>
    <entry>
        <field>593</field>
    </entry>
    <entry>
        <field>594</field>
    </entry>
    <entry>
        <field>595</field>
    </entry>
    <entry>
        <field>596</field>
    </entry>
    <entry>
        <field>597</field>
    </entry>
    <entry>
        <field>598</field>
    </entry>
    <entry>
        <field>599</field>
    </entry>
    <entry>
        <field>600</field>
    </entry>
    <entry>
        <field>601</field>
    </entry>
    <entry>
        <field>602</field>
    </entry>
    <entry>
        <field>603</field>
    </entry>
    <entry>
        <field>604</field>
    </entry>
    <entry>
        <field>605</field>
    </entry>
    <entry>
        <field>606</field>
    </entry>
    <entry>
        <field>607</field>
    </entry>
    <entry>
        <field>608</field>
    </entry>
    <entry>
        <field>609</field>
    </entry>
    <entry>
        <field>610</field>
    </entry>
    <entry>
        <field>611</field>
    </entry>
    <entry>
        <field>612</field>
    </entry>
    <entry>
        <field>613</field>
    </entry>
    <entry>
        <field>614</field>
    </entry>
    <entry>
        <field>615</field>
    </entry>
    <entry>
        <field>616</field>
    </entry>
    <entry>
        <field>617</field>
    </entry>
    <entry>
        <field>618</field>
    </entry>
    <entry>
        <field>619</field>
    </entry>
    <entry>
        <field>620</field>
    </entry>
    <entry>
        <field>621</field>
    </entry>
    <entry>
        <field>622</field>
    </entry>
    <entry>
        <field>623</field>
    </entry>
    <entry>
        <field>624</field>
    </entry>
    <entry>
        <field>625</field>
    </entry>
    <entry>
        <field>626</field>
    </entry>
    <entry>
        <field>627</field>
    </entry>
    <entry>
        <field>628</field>
    </entry>
    <entry>
        <field>629</field>
    </entry>
    <entry>
        <field>630</field>
    </entry>
    <entry>
        <field>631</field>
    </entry>
    <entry>
        <field>632</field>
    </entry>
    <entry>
        <field>633</field>
    </entry>
    <entry>
        <field>634</field>
    </entry>
    <entry>
        <field>635</field>
    </entry>
    <entry>
        <field>636</field>
    </entry>
    <entry>
        <field>637</field>
    </entry>
    <entry>
        <field>638</field>
    </entry>
    <entry>
        <field>639</field>
    </entry>
    <entry>
        <field>640</field>
    </entry>
    <entry>
        <field>641</field>
    </entry>
    <entry>
        <field>642</field>
    </entry>
    <entry>
        <field>643</field>
    </entry>
    <entry>
        <field>644</field>
    </entry>
    <entry>
        <field>645</field>
    </entry>
    <entry>
        <field>646</field>
    </entry>
    <entry>
        <field>647</field>
    </entry>
    <entry>
        <field>648</field>
    </entry>
    <entry>
        <field>649</field>
    </entry>
    <entry>
        <field>650</field>
    </entry>
    <entry>
        <field>651</field>
    </entry>
    <entry>
        <field>652</field>
    </entry>
    <entry>
        <field>653</field>
    </entry>
    <entry>
        <field>654</field>
    </entry>
    <entry>
        <field>655</field>
    </entry>
    <entry>
        <field>656</field>
    </entry>
    <entry>
        <field>657</field>
    </entry>
    <entry>
        <field>658</field>
    </entry>
    <entry>
        <field>659</field>
    </entry>
    <entry>
        <field>660</field>
    </entry>
    <entry>
        <field>661</field>
    </entry>
    <entry>
        <field>662</field>
    </entry>
    <entry>
        <field>663</field>
    </entry>
    <entry>
        <field>664</field>
    </entry>
    <entry>
        <field>665</field>
    </entry>
    <entry>
        <field>666</field>
    </entry>
    <entry>
        <field>667</field>
    </entry>
    <entry>
        <field>668</field>
    </entry>
    <entry>
        <field>669</field>
    </entry>
    <entry>
        <field>670</field>
    </entry>
    <entry>
        <field>671</field>
    </entry>
    <entry>
        <field>672</field>
    </entry>
    <entry>
        <field>673</field>
    </entry>
    <entry>
        <field>674</field>
    </entry>
    <entry>
        <field>675</field>
    </entry>
    <entry>
        <field>676</field>
    </entry>
    <entry>
        <field>677</field>
    </entry>
    <entry>
        <field>678</field>
    </entry>
    <entry>
        <field>679</field>
    </entry>
    <entry>
        <field>680</field>
    </entry>
    <entry>
        <field>681</field>
    </entry>
    <entry>
        <field>682</field>
    </entry>
    <entry>
        <field>683</field>
    </entry>
    <entry>
        <field>684</field>
    </entry>
    <entry>
        <field>685</field>
    </entry>
    <entry>
        <field>686</field>
    </entry>
    <entry>
        <field>687</field>
    </entry>
    <entry>
        <field>688</field>
    </entry>
    <entry>
        <field>689</field>
    </entry>
    <entry>
        <field>690</field>
    </entry>
    <entry>
        <field>691</field>
    </entry>
    <entry>
        <field>692</field>
    </entry>
    <entry>
        <field>693</field>
    </entry>
    <entry>
        <field>694</field>
    </entry>
    <entry>
        <field>695</field>
    </entry>
    <entry>
        <field>696</field>
    </entry>
    <entry>
        <field>697</field>
    </entry>
    <entry>
        <field>698</field>
    </entry>
    <entry>
        <field>699</field>
    </entry>
    <entry>
        <field>700</field>
    </entry>
    <entry>
        <field>701</field>
    </entry>
    <entry>
        <field>702</field>
    </entry>
    <entry>
        <field>703</field>
    </entry>
    <entry>
        <field>704</field>
    </entry>
    <entry>
        <field>705</field>
    </entry>
    <entry>
        <field>706</field>
    </entry>
    <entry>
        <field>707</field>
    </entry>
    <entry>
        <field>708</field>
    </entry>
    <entry>
        <field>709</field>
    </entry>
    <entry>
        <field>710</field>
    </entry>
    <entry>
        <field>711</field>
    </entry>
    <entry>
        <field>712</field>
    </entry>
    <entry>
        <field>713</field>
    </entry>
    <entry>
        <field>714</field>
    </entry>
    <entry>
        <field>715</field>
    </entry>
    <entry>
        <field>716</field>
    </entry>
    <entry>
        <field>717</field>
    </entry>
    <entry>
        <field>718</field>
    </entry>
    <entry>
        <field>719</field>
    </entry>
    <entry>
        <field>720</field>
    </entry>
    <entry>
        <field>721</field>
    </entry>
    <entry>
        <field>722</field>
    </entry>
    <entry>
        <field>723</field>
    </entry>
    <entry>
        <field>724</field>
    </entry>
    <entry>
        <field>725</field>
    </entry>
    <entry>
        <field>726</field>
    </entry>
    <entry>
        <field>727</field>
    </entry>
    <entry>
        <field>728</field>
    </entry>
    <entry>
        <field>729</field>
    </entry>
    <entry>
        <field>730</field>
    </entry>
    <entry>
        <field>731</field>
    </entry>
    <entry>
        <field>732</field>
    </entry>
    <entry>
        <field>733</field>
    </entry>
    <entry>
        <field>734</field>
    </entry>
    <entry>
        <field>735</field>
    </entry>
    <entry>
        <field>736</field>
    </entry>
    <entry>
        <field>737</field>
    </entry>
    <entry>
        <field>738</field>
    </entry>
    <entry>
        <field>739</field>
    </entry>
    <entry>
        <field>740</field>
    </entry>
    <entry>
        <field>741</field>
    </entry>
    <entry>
        <field>742</field>
    </entry>
    <entry>
        <field>743</field>
    </entry>
    <entry>
        <field>744</field>
    </entry>
    <entry>
        <field>745</field>
    </entry>
    <entry>
        <field>746</field>
    </entry>
    <entry>
        <field>747</field>
    </entry>
    <entry>
        <field>748</field>
    </entry>
    <entry>
        <field>749</field>
    </entry>
    <entry>
        <field>750</field>
    </entry>
    <entry>
        <field>751</field>
    </entry>
    <entry>
        <field>752</field>
    </entry>
    <entry>
        <field>753</field>
    </entry>
    <entry>
        <field>754</field>
    </entry>
    <entry>
        <field>755</field>
    </entry>
    <entry>
        <field>756</field>
    </entry>
    <entry>
        <field>757</field>
    </entry>
    <entry>
        <field>758</field>
    </entry>
    <entry>
        <field>759</field>
    </entry>
    <entry>
        <field>760</field>
    </entry>
    <entry>
        <field>761</field>
    </entry>
    <entry>
        <field>762</field>
    </entry>
    <entry>
        <field>763</field>
    </entry>
    <entry>
        <field>764</field>
    </entry>
    <entry>
        <field>765</field>
    </entry>
    <entry>
        <field>766</field>
    </entry>
    <entry>
        <field>767</field>
    </entry>
    <entry>
        <field>768</field>
    </entry>
    <entry>
        <field>769</field>
    </entry>
    <entry>
        <field>770</field>
    </entry>
    <entry>
        <field>771</field>
    </entry>
    <entry>
        <field>772</field>
    </entry>
    <entry>
        <field>773</field>
    </entry>
    <entry>
        <field>774</field>
    </entry>
    <entry>
        <field>775</field>
    </entry>
    <entry>
        <field>776</field>
    </entry>
    <entry>
        <field>777</field>
    </entry>
    <entry>
        <field>778</field>
    </entry>
    <entry>
        <field>779</field>
    </entry>
    <entry>
        <field>780</field>
    </entry>
    <entry>
        <field>781</field>
    </entry>
    <entry>
        <field>782</field>
    </entry>
    <entry>
        <field>783</field>
    </entry>
    <entry>
        <field>784</field>
    </entry>
    <entry>
        <field>785</field>
    </entry>
    <entry>
        <field>786</field>
    </entry>
    <entry>
        <field>787</field>
    </entry>
    <entry>
        <field>788</field>
    </entry>
    <entry>
        <field>789</field>
    </entry>
    <entry>
        <field>790</field>
    </entry>
    <entry>
        <field>791</field>
    </entry>
    <entry>
        <field>792</field>
    </entry>
    <entry>
        <field>793</field>
    </entry>
    <entry>
        <field>794</field>
    </entry>
    <entry>
        <field>795</field>
    </entry>
    <entry>
        <field>796</field>
    </entry>
    <entry>
        <field>797</field>
    </entry>
    <entry>
        <field>798</field>
    </entry>
    <entry>
        <field>799</field>
    </entry>
    <entry>
        <field>800</field>
    </entry>
    <entry>
        <field>801</field>
    </entry>
    <entry>
        <field>802</field>
    </entry>
    <entry>
        <field>803</field>
    </entry>
    <entry>
        <field>804</field>
    </entry>
    <entry>
        <field>805</field>
    </entry>
    <entry>
        <field>806</field>
    </entry>
    <entry>
        <field>807</field>
    </entry>
    <entry>
        <field>808</field>
    </entry>
    <entry>
        <field>809</field>
    </entry>
    <entry>
        <field>810</field>
    </entry>
    <entry>
        <field>811</field>
    </entry>
    <entry>
        <field>812</field>
    </entry>
    <entry>
        <field>813</field>
    </entry>
    <entry>
        <field>814</field>
    </entry>
    <entry>
        <field>815</field>
    </entry>
    <entry>
        <field>816</field>
    </entry>
    <entry>
        <field>817</field>
    </entry>
    <entry>
        <field>818</field>
    </entry>
    <entry>
        <field>819</field>
    </entry>
    <entry>
        <field>820</field>
    </entry>
    <entry>
        <field>821</field>
    </entry>
    <entry>
        <field>822</field>
    </entry>
    <entry>
        <field>823</field>
    </entry>
    <entry>
        <field>824</field>
    </entry>
    <entry>
        <field>825</field>
    </entry>
    <entry>
        <field>826</field>
    </entry>
    <entry>
        <field>827</field>
    </entry>
    <entry>
        <field>828</field>
    </entry>
    <entry>
        <field>829</field>
    </entry>
    <entry>
        <field>830</field>
    </entry>
    <entry>
        <field>831</field>
    </entry>
    <entry>
        <field>832</field>
    </entry>
    <entry>
        <field>833</field>
    </entry>
    <entry>
        <field>834</field>
    </entry>
    <entry>
        <field>835</field>
    </entry>
    <entry>
        <field>836</field>
    </entry>
    <entry>
        <field>837</field>
    </entry>
    <entry>
        <field>838</field>
    </entry>
    <entry>
        <field>839</field>
    </entry>
    <entry>
        <field>840</field>
    </entry>
    <entry>
        <field>841</field>
    </entry>
    <entry>
        <field>842</field>
    </entry>
    <entry>
        <field>843</field>
    </entry>
    <entry>
        <field>844</field>
    </entry>
    <entry>
        <field>845</field>
    </entry>
    <entry>
        <field>846</field>
    </entry>
    <entry>
        <field>847</field>
    </entry>
    <entry>
        <field>848</field>
    </entry>
    <entry>
        <field>849</field>
    </entry>
    <entry>
        <field>850</field>
    </entry>
    <entry>
        <field>851</field>
    </entry>
    <entry>
        <field>852</field>
    </entry>
    <entry>
        <field>853</field>
    </entry>
    <entry>
        <field>854</field>
    </entry>
    <entry>
        <field>855</field>
    </entry>
    <entry>
        <field>856</field>
    </entry>
    <entry>
        <field>857</field>
    </entry>
    <entry>
        <field>858</field>
    </entry>
    <entry>
        <field>859</field>
    </entry>
    <entry>
        <field>860</field>
    </entry>
    <entry>
        <field>861</field>
    </entry>
    <entry>
        <field>862</field>
    </entry>
    <entry>
        <field>863</field>
    </entry>
    <entry>
        <field>864</field>
    </entry>
    <entry>
        <field>865</field>
    </entry>
    <entry>
        <field>866</field>
    </entry>
    <entry>
        <field>867</field>
    </entry>
    <entry>
        <field>868</field>
    </entry>
    <entry>
        <field>869</field>
    </entry>
    <entry>
        <field>870</field>
    </entry>
    <entry>
        <field>871</field>
    </entry>
    <entry>
        <field>872</field>
    </entry>
    <entry>
        <field>873</field>
    </entry>
    <entry>
        <field>874</field>
    </entry>
    <entry>
        <field>875</field>
    </entry>
    <entry>
        <field>876</field>
    </entry>
    <entry>
        <field>877</field>
    </entry>
    <entry>
        <field>878</field>
    </entry>
    <entry>
        <field>879</field>
    </entry>
    <entry>
        <field>880</field>
    </entry>
    <entry>
        <field>881</field>
    </entry>
    <entry>
        <field>882</field>
    </entry>
    <entry>
        <field>883</field>
    </entry>
    <entry>
        <field>884</field>
    </entry>
    <entry>
        <field>885</field>
    </entry>
    <entry>
        <field>886</field>
    </entry>
    <entry>
        <field>887</field>
    </entry>
    <entry>
        <field>888</field>
    </entry>
    <entry>
        <field>889</field>
    </entry>
    <entry>
        <field>890</field>
    </entry>
    <entry>
        <field>891</field>
    </entry>
    <entry>
        <field>892</field>
    </entry>
    <entry>
        <field>893</field>
    </entry>
    <entry>
        <field>894</field>
    </entry>
    <entry>
        <field>895</field>
    </entry>
    <entry>
        <field>896</field>
    </entry>
    <entry>
        <field>897</field>
    </entry>
    <entry>
        <field>898</field>
    </entry>
    <entry>
        <field>899</field>
    </entry>
    <entry>
        <field>900</field>
    </entry>
    <entry>
        <field>901</field>
    </entry>
    <entry>
        <field>902</field>
    </entry>
    <entry>
        <field>903</field>
    </entry>
    <entry>
        <field>904</field>
    </entry>
    <entry>
        <field>905</field>
    </entry>
    <entry>
        <field>906</field>
    </entry>
    <entry>
        <field>907</field>
    </entry>
    <entry>
        <field>908</field>
    </entry>
    <entry>
        <field>909</field>
    </entry>
    <entry>
        <field>910</field>
    </entry>
    <entry>
        <field>911</field>
    </entry>
    <entry>
        <field>912</field>
    </entry>
    <entry>
        <field>913</field>
    </entry>
    <entry>
        <field>914</field>
    </entry>
    <entry>
        <field>915</field>
    </entry>
    <entry>
        <field>916</field>
    </entry>
    <entry>
        <field>917</field>
    </entry>
    <entry>
        <field>918</field>
    </entry>
    <entry>
        <field>919</field>
    </entry>
    <entry>
        <field>920</field>
    </entry>
    <entry>
        <field>921</field>
    </entry>
    <entry>
        <field>922</field>
    </entry>
    <entry>
        <field>923</field>
    </entry>
    <entry>
        <field>924</field>
    </entry>
    <entry>
        <field>925</field>
    </entry>
    <entry>
        <field>926</field>
    </entry>
    <entry>
        <field>927</field>
    </entry>
    <entry>
        <field>928</field>
    </entry>
    <entry>
        <field>929</field>
    </entry>
    <entry>
        <field>930</field>
    </entry>
    <entry>
        <field>931</field>
    </entry>
    <entry>
        <field>932</field>
    </entry>
    <entry>
        <field>933</field>
    </entry>
    <entry>
        <field>934</field>
    </entry>
    <entry>
        <field>935</field>
    </entry>
    <entry>
        <field>936</field>
    </entry>
    <entry>
        <field>937</field>
    </entry>
    <entry>
        <field>938</field>
    </entry>
    <entry>
        <field>939</field>
    </entry>
    <entry>
        <field>940</field>
    </entry>
    <entry>
        <field>941</field>
    </entry>
    <entry>
        <field>942</field>
    </entry>
    <entry>
        <field>943</field>
    </entry>
    <entry>
        <field>944</field>
    </entry>
    <entry>
        <field>945</field>
    </entry>
    <entry>
        <field>946</field>
    </entry>
    <entry>
        <field>947</field>
    </entry>
    <entry>
        <field>948</field>
    </entry>
    <entry>
        <field>949</field>
    </entry>
    <entry>
        <field>950</field>
    </entry>
    <entry>
        <field>951</field>
    </entry>
    <entry>
        <field>952</field>
    </entry>
    <entry>
        <field>953</field>
    </entry>
    <entry>
        <field>954</field>
    </entry>
    <entry>
        <field>955</field>
    </entry>
    <entry>
        <field>956</field>
    </entry>
    <entry>
        <field>957</field>
    </entry>
    <entry>
        <field>958</field>
    </entry>
    <entry>
        <field>959</field>
    </entry>
    <entry>
        <field>960</field>
    </entry>
    <entry>
        <field>961</field>
    </entry>
    <entry>
        <field>962</field>
    </entry>
    <entry>
        <field>963</field>
    </entry>
    <entry>
        <field>964</field>
    </entry>
    <entry>
        <field>965</field>
    </entry>
    <entry>
        <field>966</field>
    </entry>
    <entry>
        <field>967</field>
    </entry>
    <entry>
        <field>968</field>
    </entry>
    <entry>
        <field>969</field>
    </entry>
    <entry>
        <field>970</field>
    </entry>
    <entry>
        <field>971</field>
    </entry>
    <entry>
        <field>972</field>
    </entry>
    <entry>
        <field>973</field>
    </entry>
    <entry>
        <field>974</field>
    </entry>
    <entry>
        <field>975</field>
    </entry>
    <entry>
        <field>976</field>
    </entry>
    <entry>
        <field>977</field>
    </entry>
    <entry>
        <field>978</field>
    </entry>
    <entry>
        <field>979</field>
    </entry>
    <entry>
        <field>980</field>
    </entry>
    <entry>
        <field>981</field>
    </entry>
    <entry>
        <field>982</field>
    </entry>
    <entry>
        <field>983</field>
    </entry>
    <entry>
        <field>984</field>
    </entry>
    <entry>
        <field>985</field>
    </entry>
    <entry>
        <field>986</field>
    </entry>
    <entry>
        <field>987</field>
    </entry>
    <entry>
        <field>988</field>
    </entry>
    <entry>
        <field>989</field>
    </entry>
    <entry>
        <field>990</field>
    </entry>
    <entry>
        <field>991</field>
    </entry>
    <entry>
        <field>992</field>
    </entry>
    <entry>
        <field>993</field>
    </entry>
    <entry>
        <field>994</field>
    </entry>
    <entry>
        <field>995</field>
    </entry>
    <entry>
        <field>996</field>
    </entry>
    <entry>
        <field>997</field>
    </entry>
    <entry>
        <field>998</field>
    </entry>
    <entry>
        <field>999</field>
    </entry>
    <entry>
        <field>1000</field>
    </entry>
</entries>
